Name(IUPAC),Common_name,Cas,functional group,Odor Type,Odor description (Goodscents),Flavor Type,Flavor description (Goodscents),FEMA #,FEMA description,Thershold (odor)
ethenoxyethane,ethyl vinyl ether,109-92-2,Ethers,,,,,,,
acetaldehyde,acetaldehyde,75-07-0,Carbonyls - Aldehydes,ethereal,"aldehydic, ethereal, fresh, fruity, musty, pungent",pungent,"aldehydic, fresh, green, pungent",2003,"Floral, Green Apple",0.0007
2-methylpropanal,isobutyraldehyde,78-84-2,Carbonyls - Aldehydes,aldehydic,"aldehydic, floral, fresh, green, pungent",aldehydic,"aldehydic, fresh, green, herbal, malty",2220,"Burnt, Caramel, Cocoa, Green, Malt",0.00032
propan-2-one,acetone,67-64-1,Carbonyls - Ketones,solvent,"apple, ethereal, pear, solvent",,,3326,Pungent,0.04
ethylformate,ethyl formate,109-94-4,Esters,ethereal,"alcoholic, cognac, ethereal, fermented, green, rose, winey",ethereal,"cognac, ethereal, fruity, grain, rain, sweet, winey",2434,Pungent,8.9
methylacetate,methyl acetate,79-20-9,Esters,ethereal,"cognac, estery, ethereal, fruity, rummy, solvent, sweet, winey",ethereal,"ethereal, fresh, fruity, green, rummy, whiskey",2676,"Ester, Green",0.002
ethylacetate,ethyl acetate,141-78-6,Esters,ethereal,"ethereal, fruity, grape, green, rummy, sweet, weedy",ethereal,"cherry, ethereal, fruity, grape, sweet",2414,"Aromatic, Brandy, Contact Glue, Grape",0.005
"1,1-diethoxyethane",acetal,105-57-7,Acetals,ethereal,"earthy, ethereal, green, nutty, sweet, vegetable",nutty,"earthy, nutty, vegetable",2002,"Creamy, Fruit, Pleasant, Tropical Fruit",0.0049
2-methylbutanal,2-methyl butyraldehyde,96-17-3,Carbonyls - Aldehydes,cocoa,"alcoholic, chocolate, cocoa, coffee, fatty, fermented, malty, musty, nutty, phenolic",fusel,"caramellic, cereal, cocoa, fruity, fusel, musty, nutty, rummy",2691,"Almond, Cocoa, Fermented, Hazelnut, Malt",0.001
3-methylbutanal,isovaleraldehyde,590-86-3,Carbonyls - Aldehydes,aldehydic,"aldehydic, chocolate, ethereal, fatty, peach",fruity,"chocolate, cocoa, dry, fruity, green, leafy, nutty",2692,,0.00015
ethanol,ethanol,64-17-5,Alcohols,alcoholic,"alcoholic, ethereal, medicinal",,,2419,,3.5
decane,decane,124-18-5,Hydrocarbons,,,,,,,10
2-methylpropylacetate,isobutyl acetate,110-19-0,Esters,fruity,"apple, banana, ethereal, fruity, sweet, tropical",fruity,"tutti frutti, banana, fruity, sweet",2175,"Apple, Banana, Floral, Herb",0.025
"2,6-dimethyloctane","2,6-dimethyl octane",2051-30-1,Hydrocarbons,,,,,,,
ethylbutanoate,ethyl butyrate,105-54-4,Esters,fruity,"apple, cognac, fruity, pine, pineapple, sweet, juicy fruit, tutti frutti",fruity,"tutti frutti, apple, ethereal, fresh, fruity, sweet",2427,"Apple, Butter, Cheese, Pineapple, Strawberry",0.000001
toluene,toluene,108-88-3,Hydrocarbons -benzenes,,sweet,,,,,0.024
propan-1-ol,propyl alcohol,71-23-8,Alcohols,alcoholic,"alcoholic, apple, fermented, fruity, fusel, musty, pear, sweet, tequila, yeasty",alcoholic,"bubble gum, alcoholic, apple, earthy, fermented, fruity, fusel, nutty, peanut, pear",2928,"Alcohol, Candy, Pungent",5.7
ethyl2-methylbutanoate,ethyl 2-methyl butyrate,7452-79-1,Esters,fruity,"apple, berry, estery, fresh, fruity, green, sharp, sweet, tropical",fruity,"apple, berry, cherry, fresh, fruity, grape, mango, pine, pineapple",2443,"Apple, Ester, Green Apple, Kiwi, Strawberry",0.000006
ethyl3-methylbutanoate,ethyl isovalerate,108-64-5,Esters,fruity,"apple, estery, fruity, green, orange, pine, pineapple, sharp, sweet, tutti frutti",fruity,"apple, fruity, green, metallic, pine, pineapple, spicy, sweet",2463,"Apple, Fruit, Pineapple, Sour",0.00001
(methyldisulfanyl)methane,dimethyl disulfide,624-92-0,Sulfur Compounds,sulfurous,"cabbage, onion, sulfurous, vegetable",sulfurous,"cabbage, creamy, malty, sulfurous",3536,"Cabbage, Garlic, Onion",0.00016
valeraldehyde diethyl acetal,valeraldehyde diethyl acetal,3658-79-5,Acetals,,,,,,,
"1,1-diethoxy-3-methylbutane",isovaleraldehyde diethyl acetal,3842-03-3,Acetals,,"fatty, fruity",,,4371,Fruit,
hexanal,hexanal,66-25-1,Carbonyls - Aldehydes,green,"aldehydic, clean, fatty, fresh, fruity, grassy, green, leafy, sweaty, vegetable, woody",green,"apple, citrus, fresh, grassy, green, orange, vegetable, woody",2557,"Apple, Fat, Fresh, Green, Oil",0.00032
undecane,undecane,1120-21-4,Hydrocarbons,,,,,,,10
2-methylpropan-1-ol,isobutyl alcohol,78-83-1,Alcohols,ethereal,"cortex, ethereal, winey",ethereal,"ethereal, fusel, whiskey",2179,"Apple, Bitter, Cocoa, Wine",0.36
3-methylbutylacetate,isoamyl acetate,123-92-2,Esters,fruity,"banana, estery, ethereal, fruity, ripe, solvent, sweet",fruity,"banana, fruity, green, ripe, sweet",2055,"Apple, Banana, Glue, Pear",0.00015
"1,4-xylene",para-xylene,106-42-3,Hydrocarbons -benzenes,,,,,,,0.53
"1,2-xylene",ortho-xylene,95-47-6,Hydrocarbons -benzenes,,geranium,,,,,0.45023
heptan-2-one,2-heptanone,110-43-0,Carbonyls - Ketones,cheesy,"banana, cheesy, coconut, creamy, fruity, green, herbal, ketonic, spicy, sweet, woody",cheesy,"cheesy, coconut, fruity, green, waxy",2544,"Blue Cheese, Fruit, Green, Nut, Spice",0.001
dodecane,dodecane,112-40-3,Hydrocarbons,,,,,,,10
3-methylbutylpropanoate,isoamyl propionate,105-68-0,Esters,fruity,"apple, banana, estery, fresh, fruity, green, pine, pineapple, ripe, sweet, tropical, fruit tropical fruit",fruity,"tutti frutti, apple, banana, fruity, melon, pine, pineapple, sweet, tropical",2082,"Apple, Apricot, Pineapple",0.0086
(4R)-1-methyl-4-prop-1-en-2-ylcyclohexene,d-limonene,5989-27-5,"terpenes, terpenoids",citrus,"camphoreous, citrus, herbal, terpenic",herbal,"aromatic, citrus, herbal, minty, pine, terpenic, tropical, woody",,,0.004
pyridine,pyridine,110-86-1,Bases,fishy,"ammoniacal, fishy, sour",,,2966,,0.00003
propylbenzene,phenylpropane,103-65-1,Hydrocarbons -benzenes,,,,,,,0.17712
3-methylbutan-1-ol,isoamyl alcohol,123-51-3,Alcohols,fermented,"alcoholic, banana, cognac, ethereal, fermented, fruity, fusel, molasses, pungent, whiskey",fusel,"banana, cognac, ethereal, fermented, fruity, fusel",2057,"Burnt, Cocoa, Floral, Malt",0.004
2-pentylfuran,2-pentyl furan,3777-69-3,Furans,fruity,"beany, earthy, fruity, green, metallic, vegetable",green,"caramellic, cooked, green, musty, waxy",3317,"Butter, Floral, Fruit, Green Bean",0.0058
ethylhexanoate,ethyl hexanoate,123-66-0,Esters,fruity,"apple, banana, estery, fatty, fruity, green, pine, pineapple, sweet, waxy",fruity,"apple, banana, estery, fruity, green, pine, pineapple, sweet, waxy",2439,"Apple Peel, Brandy, Fruit Gum, Overripe Fruit, Pineapple",0.00001
styrene,styrene,100-42-5,Hydrocarbons -benzenes,balsamic,"almond, balsamic, floral, plastic, sweet",,,,,0.0036
3-methylbutylbutanoate,isoamyl butyrate,106-27-4,Esters,fruity,"apple, apricot, banana, estery, fruity, green, melon, pear, sweet, tropical, tutti frutti",waxy,"apple, berry, estery, fruity, green, melon, sweet, waxy",2060,Fruit,0.00013
hexylacetate,hexyl acetate,142-92-7,Esters,fruity,"apple, banana, fatty, fresh, fruity, green, pear, sweet",fruity,"banana peel, apple, fresh, fruity, green, pear, sweet",2565,"Apple, Banana, Grass, Herb, Pear",0.002
ethyl2-oxopropanoate,ethyl pyruvate,617-35-6,Esters,ethereal,"caramellic, ethereal, fruity, rummy, sharp, sweet, vegetable",rummy,"ethereal, fruity, rummy, sweet",2457,Floral,
2-methylpyrazine,2-methyl pyrazine,109-08-0,pyrazines,nutty,"brown, chocolate, cocoa, earthy, green, musty, nutty, peanut, roasted, nut skin",nutty,"astringent, brown, musty, nutty, roasted, stringent",3309,"Cocoa, Green, Hazelnut, Popcorn, Roasted",0.06
"1,3,5-trimethylbenzene",mesitylene,108-67-8,Hydrocarbons -benzenes,,,,,,,0.003
(Z)-2-(2-pentenyl)furan,(Z)-2-(2-pentenyl) furan,70424-13-4,Furans,,,,,,,
3-hydroxybutan-2-one,acetoin,513-86-0,Carbonyls - Ketones,buttery,"buttery, creamy, dairy, fatty, milky, sweet",creamy,"buttery, creamy, dairy, milky, oily, sweet, yogurt",2008,"Butter, Creamy, Green Pepper",0.014
"1,1,3-triethoxypropane",3-ethoxypropanal diethyl acetal,7789-92-6,Acetals,,,,,,,
butylbenzene,butyl benzene,104-51-8,Hydrocarbons -benzenes,,,,,,,0.1
propylhexanoate,propyl hexanoate,626-77-7,Esters,fruity,"apple, fruity, green, juicy, pine, pineapple, sweet, tropical",fruity,"apple, fresh, fruity, green, juicy, pine, pineapple, sweet, tropical",2949,"Berry, Fruit, Petrol, Pineapple, Roasted Garlic",
1-methyl-3-propan-2-ylbenzene,meta-cymene,535-77-3,"terpenes, terpenoids",,,,,,,0.8
2-hexylfuran,2-hexyl furan,3777-70-6,Furans,,,,,,,
ethylheptanoate,ethyl heptanoate,106-30-9,Esters,fruity,"apple, banana, berry, cognac, estery, fruity, green, pine, pineapple, rummy, seedy, sweet, winey",fruity,"apple, banana, berry, fruity, oily, pine, pineapple, raw, spicy, strawberry",2437,"Brandy, Fruit, Wine",0.0019
"2,5-dimethylpyrazine","2,5-dimethyl pyrazine",123-32-0,pyrazines,chocolate,"chocolate, cocoa, earthy, grassy, medicinal, musty, nutty, peanut, powdery, roasted, woody, beefy roasted beefy",musty,"cocoa, fatty, musty, nutty, oily, potato",3272,"Cocoa, Roast Beef, Roasted Nut",0.08
2-ethylpyrazine,2-ethyl pyrazine,13925-00-3,pyrazines,nutty,"cocoa, coffee, fermented, meaty, musty, nutty, peanut, roasted, woody, peanut butter",nutty,"cocoa, earthy, fishy, musty, nutty, potato, woody",3281,"Burnt, Green, Iron Scorch, Must, Peanut Butter, Roasted, Rum, Wood",4
dimethoxymethane,dimethoxymethane,109-87-5,Acetals,,,,,,,
ethyl2-hydroxypropanoate,ethyl lactate,97-64-3,Esters,fruity,"acidic, brown, butterscotch, buttery, ethereal, fruity, sharp, sweet, tart",fruity,"apple, brown, caramellic, creamy, fruity, pine, pineapple, sweet",2440,"Cheese, Floral, Fruit, Pungent, Rubber",50
2-vinyl thiophene,2-vinyl thiophene,1918-82-7,Sulfur Compounds,,,styrene,styrene,,,
ethyl(2S)-2-hydroxypropanoate,ethyl (S)-(-)-lactate,687-47-8,Esters,,,,,,,
2-methylpropylhexanoate,isobutyl hexanoate,105-79-3,Esters,fruity,"apple, earthy, estery, fruity, green, peach, pine, pineapple, sour, sweet, tropical, apple skin, apple green apple",fruity,"apple green apple, fruit ripe fruit, apple skin, apple, estery, foliage, fruity, green, pine, pineapple, ripe, sweet, tropical",2202,"Green, Spice",
"2,3-dimethylpyrazine","2,3-dimethyl pyrazine",5910-89-4,pyrazines,nutty,"caramellic, cocoa, coffee, musty, nutty, potato, powdery, roasted, walnut, nut skin, peanut butter",nutty,"coffee roasted coffee, corn chip, nut skin, bready, cocoa, coffee, musty, nutty, peanut, powdery, roasted, walnut",3271,"Caramel, Cocoa, Hazelnut, Peanut Butter, Roasted",0.4
2-ethylhexylacetate,2-ethyl hexyl acetate,103-09-3,Esters,earthy,"dirty, earthy, herbal, humus",,,,,0.043
nonan-2-one,2-nonanone,821-55-6,Carbonyls - Ketones,fruity,"cheesy, coconut, earthy, fresh, fruity, green, herbal, soapy, sweet, waxy, weedy",cheesy,"buttery, cheesy, dairy, dirty, fruity, green",2785,"Fragrant, Fruit, Green, Hot Milk",0.005
2-ethyl-6-methylpyrazine,2-ethyl-6-methyl pyrazine,13925-03-6,pyrazines,potato,"potato, roasted",nutty,"hazelnut roasted hazelnut, hazelnut, nutty, roasted",3919,"Green, Nuts, Roasted",0.04
tetradecane,tetradecane,629-59-4,Hydrocarbons,,waxy,,,,,1
nonanal,nonanal (aldehyde C-9),124-19-6,Carbonyls - Aldehydes,aldehydic,"aldehydic, citrus, cucumber, fatty, fresh, green, orris, peely, rose, waxy, lemon peel, orange peel",aldehydic,"potato raw potato, melon rind, aldehydic, citrus, coconut, cucumber, melon, nutty, oily, potato, raw, rindy",2782,"Fat, Floral, Green, Lemon",0.00032
(E)-oct-3-en-2-one,3-octen-2-one,1669-44-9,Carbonyls - Ketones,earthy,"berry, blueberry, earthy, hay, herbal, ketonic, mushroom, oily, spicy, sweet",creamy,"creamy, earthy, mushroom, oily",3416,"Dull, Green, Nut, Rose",
2-ethyl-3-methylpyrazine,filbert pyrazine,15707-23-0,pyrazines,nutty,"bready, corn, earthy, musty, nutty, peanut, raw",nutty,"corn, musty, nutty, oily, peanut, raw",3155,"Green, Must, Nut, Potato, Roasted",0.13
pentylbenzene,amyl benzene,538-68-1,Hydrocarbons -benzenes,,,,,,,
ethyloctanoate,ethyl octanoate,106-32-1,Esters,waxy,"apple, apricot, banana, brandy, creamy, dairy, fruity, musty, pear, pine, pineapple, sweet, waxy, winey",waxy,"apple, cognac, creamy, fatty, fruity, mushroom, pine, pineapple, soapy, sweet, waxy, winey",2449,"Apricot, Brandy, Fat, Floral, Pineapple",0.005
aceticacid,acetic acid,64-19-7,Acids,acidic,"acidic, pungent, sharp, sour, vinegar",sour,"fruit overripe fruit, acetic, pungent, ripe, sour",2006,"Acid, Fruit, Pungent, Sour, Vinegar",10
"2-ethyl-3,5-dimethylpyrazine","3,5-cocoa pyrazine",13925-07-0,pyrazines,nutty,"almond, burnt, caramellic, cocoa, coffee, musty, nutty, peanut, roasted",nutty,"caramellic, cocoa, coffee, corn, nutty, potato, sweet",3149,"Broth, Earth, Potato, Roast",0.00004
3-methylbutylhexanoate,isoamyl hexanoate,2198-61-0,Esters,fruity,"apple, banana, cheesy, fruity, green, pine, pineapple, pungent, sour, sweet",fruity,"apple, banana, fruity, green, pine, pineapple, rue, waxy",2075,"Anise, Fruit, Spice",0.32
butyl lactate,butyl lactate,138-22-7,Esters,green,"apple, cheesy, creamy, dairy, earthy, fruity, green, ketonic, kiwi, lactonic, milky, soapy, vanilla, waxy, winey, apple skin, melon rind",green,"apple skin, banana peel, melon rind, coconut, creamy, dairy, fruity, green, milky, nutty, soapy, tropical, waxy, winey",2205,Dairy,
furan-2-carbaldehyde,furfural,98-01-1,Furans,bready,"almond, baked, bready, brown, caramellic, phenolic, sweet, woody, bread baked",brown,"astringent, bready, brown, burnt, caramellic, nutty, stringent, sweet, woody",,,0.282
3-(prop-2-enyldisulfanyl)prop-1-ene,allyl disulfide,2179-57-9,Sulfur Compounds,alliaceous,"alliaceous, garlic, metallic, onion",alliaceous,"onion green onion, alliaceous, garlic, green, meaty, onion",2028,Garlic,0.03
"2,3,5,6-tetramethylpyrazine","2,3,5,6-tetramethyl pyrazine",1124-11-4,pyrazines,nutty,"brown, burnt, chocolate, cocoa, coffee, dry, lard, musty, nutty, vanilla",nutty,"asparagus, cocoa, coffee, dry, earthy, musty, nutty, peanut, raw, weedy",3237,"Cocoa, Coffee, Green, Mocha, Roast",1
2-(methylsulfanylmethyl)furan,furfuryl methyl sulfide,1438-91-1,Sulfur Compounds,alliaceous,"alliaceous, garlic, horseradish, onion, pungent, radish, sulfurous, vegetable",sulfurous,"eggy, garlic, horseradish, mustard, radish, sulfurous",3160,Savory,
3-cyclohexene-1-methanol,3-cyclohexene-1-methanol,1679-51-2,Alcohols,,,,,,,
1-(furan-2-yl)ethanone,2-acetyl furan,1192-62-7,Furans,balsamic,"almond, balsamic, brown, caramellic, cocoa, coffee, lactonic, milky, nutty, sweet, toasted",nutty,"baked, nutty, roasted, sweet",3163,"Balsamic, Cocoa, Coffee",10
1-benzofuran,1-benzofuran,271-89-6,Furans,,,styrene,"aromatic, styrene",,,
propyloctanoate,propyl octanoate,624-13-5,Esters,coconut,"cocoa, coconut, cognac, fatty, winey",,,,,
benzaldehyde,benzaldehyde,100-52-7,Carbonyls - Aldehydes,fruity,"almond, bitter, cherry, fruity, nutty, powdery, sharp, sweet, cherry maraschino cherry",fruity,"cherry maraschino cherry, fruit tropical fruit, almond, cherry, fruity, nutty, oily, sweet, tropical, woody",2127,"Bitter Almond, Burnt Sugar, Cherry, Malt, Roasted Pepper",0.024
ethylnonanoate,ethyl nonanoate,123-29-5,Esters,waxy,"apple, banana, cognac, estery, fruity, natural, rose, rummy, tropical, waxy, winey",waxy,"cognac, estery, fruity, grape, soapy, tropical, waxy",2447,Floral,0.377
(E)-non-2-enal,(E)-2-nonenal,18829-56-6,Carbonyls - Aldehydes,fatty,"aldehydic, citrus, cucumber, fatty, green",green,"aldehydic, cucumber, fatty, green, melon, soapy",3213,Paper,0.00008
ethyl2-hydroxy-4-methylpentanoate,ethyl 2-hydroxy-4-methyl valerate,10348-47-7,Esters,fruity,"berry, blackberry, fresh, fruity",,,,,
butyl octanoate,butyl octanoate,589-75-3,Esters,buttery,"buttery, ethereal, herbal",,,,,
2-methylpropanoicacid,isobutyric acid,79-31-2,Acids,acidic,"acidic, buttery, cheesy, dairy, rancid, sour",acidic,"cheesy limburger cheese, acidic, cheesy, creamy, dairy, sour",2222,"Burnt, Butter, Cheese, Sweat",0.01
ethyl3-methylsulfanylpropanoate,ethyl methyl mercaptopropionate,13327-56-5,Sulfur Compounds,sulfurous,"apple, fruity, metallic, pine, pineapple, pulpy, ripe, sulfurous, tomato",sulfurous,"apple, garlic, onion, pine, pineapple, rummy, sulfurous, vegetable",3343,"Cabbage, Caramel, Grass, Menthol",0.007
isoamyl lactate,isoamyl lactate,19329-89-6,Esters,fruity,"creamy, fruity, nutty",,,,,
5-methylfuran-2-carbaldehyde,5-methyl furfural,620-02-0,Furans,caramellic,"bready, brown, caramellic, coffee, maple, spicy, sweet",brown,"brown, caramellic, grain, maple, rain, sweet",2702,,0.5
methylfuran-2-carboxylate,methyl 2-furoate,611-13-2,Furans,fungal,"fruity, fungal, mushroom, sweet, tobacco",caramellic,"sugar brown sugar, brown, caramellic, musty, sugar, sweet",2703,Fruit,
undecan-2-one,2-undecanone,112-12-9,Carbonyls - Ketones,fruity,"apple, creamy, fatty, floral, fruity, ketonic, orris, pine, pineapple, waxy",waxy,"cheesy, creamy, fatty, fruity, waxy",3093,"Fresh, Green, Orange, Rose",0.0055
2-methyl-1-benzofuran,2-methyl benzofuran,4265-25-2,Furans,,"burnt, phenolic",phenolic,"burnt, phenolic",4543,Savory,
"2,3-dihydro-1-benzofuran",coumaran,496-16-2,Furans,,,,,,,
butanoicacid,butyric acid,107-92-6,Acids,cheesy,"acetic, buttery, cheesy, dairy, fruity, sharp",sour,"acidic, cheesy, creamy, dairy, fruity, sour",2221,"Butter, Cheese, Sour",0.05
1-methylpyrrole-2-carbaldehyde,1-methyl-2-pyrrole carboxaldehyde,1192-58-1,Bases,,,,,4332,Nuts,0.037
ethyldecanoate,ethyl decanoate,110-38-3,Esters,waxy,"apple, brandy, fruity, grape, oily, sweet, waxy",waxy,"apple, fruity, sweet, waxy",2432,"Brandy, Grape, Pear",0.005
2-phenylacetaldehyde,phenyl acetaldehyde,122-78-1,Carbonyls - Aldehydes,green,"chocolate, clove, clover, cocoa, earthy, fermented, floral, green, honey, hyacinth, powdery, rose, sweet",honey,"chocolate, cocoa, floral, honey, spicy, sweet",2874,"Berry, Geranium, Honey, Nut, Pungent",0.0003
3-methylbutyloctanoate,isoamyl octanoate,2035-99-6,Esters,fruity,"apple, coconut, fatty, fruity, green, oily, pine, pineapple, soapy, sweet, waxy",fruity,"apple, coconut, cognac, fruity, green, pine, pineapple, sweet, waxy",2080,Fruit,0.07
furan-2-ylmethanol,furfuryl alcohol,98-00-0,Furans,bready,"alcoholic, bready, brown, caramellic, chemical, coffee, estery, musty, sulfurous, sweet",burnt,"brown, burnt, caramellic, sweet",2491,"Burnt, Caramel, Cooked",1.9
3-methylbutanoicacid,isovaleric acid,503-74-2,Acids,cheesy,"acidic, cheesy, dairy, fatty, fruity, pungent, ripe, sour, sweaty, tropical",cheesy,"berry, cheesy, creamy, dairy, fermented, sweet, waxy",3102,"Cheese, Pungent",0.012
diethylbutanedioate,diethyl succinate,123-25-1,Esters,fruity,"apple, cooked, fruity, ylang, apple cooked apple",fruity,"passion fruit, floral, fruity, tart, tropical",2377,"Cotton, Fabric, Floral, Fruit, Wine",
ethylbenzoate,ethyl benzoate,93-89-0,Esters,minty,"cherry, dry, fruity, grape, green, medicinal, minty, musty, sweet, wintergreen",medicinal,"beer, fruity, green, medicinal, minty, sweet, wintergreen",2422,"Camomile, Celery, Fat, Flower, Fruit",0.053
2-ethyl benzofuran,2-ethyl benzofuran,3131-63-3,Furans,,,,,,,
thiophene-2-carbaldehyde,thenaldehyde,98-03-3,Sulfur Compounds,sulfurous,sulfurous,cherry,"almond bitter almond, almond, bitter, cherry",,,5
2-methylpropyldecanoate,isobutyl decanoate,30673-38-2,Esters,fermented,"apricot, brandy, cognac, fermented, oily, sweet",,,,,
alpha-corocalene,alpha-corocalene,20129-39-9,"terpenes, terpenoids",,,,,,,
ethyl2-phenylacetate,ethyl phenyl acetate,101-97-3,Esters,floral,"anisic, balsamic, chocolate, cocoa, floral, honey, licorice, rose, sweet, chocolate dark chocolate, licorice black licorice",honey,"balsamic, cocoa, honey, molasses, rose, sweet, yeasty",2452,"Floral, Fruit, Honey, Rose",0.15555
2-phenylethylacetate,phenethyl acetate,103-45-7,Esters,floral,"balsamic, cocoa, floral, fruity, honey, rose, sweet, tropical, yeasty",honey,"floral, fruity, green, honey, rose, sweet",2857,"Flower, Honey, Rose",0.019
ethyldodecanoate,ethyl laurate,106-33-2,Esters,waxy,"clean, creamy, floral, rummy, soapy, sweet, waxy",waxy,"creamy, dairy, floral, fruity, soapy, waxy",2441,"Floral, Fruit, Leaf",0.4
3-methylbutyldecanoate,isoamyl decanoate,2306-91-4,Esters,waxy,"banana, cognac, dirty, fruity, green, sweet, waxy",waxy,"banana, cheesy, creamy, fatty, fruity, green, waxy",,,
2-phenylethanol,phenethyl alcohol,60-12-8,Alcohols,floral,"bready, floral, fresh, honey, rose, sweet, rose dried rose",floral,"bready, floral, rose, sweet",,,0.14
"tricyclo[10.2.1.02,11]pentadeca-4,8-diene",,74708-73-9,Hydrocarbons,,,,,,,
phenol??,phenol,108-95-2,Phenols,phenolic,"phenolic, plastic, rubbery",,,3223,,0.031
propan-2-yltetradecanoate,isopropyl myristate,110-27-0,Esters,,"fatty, oily",,,3556,Dairy,
ethyltetradecanoate,ethyl myristate,124-06-1,Esters,waxy,"orris, sweet, violet, waxy",waxy,"creamy, sweet, waxy",2445,Wax,0.18
methyl 2-methyl hexadecanoate,methyl 2-methyl hexadecanoate,2490-53-1,Esters,,,,,,,
nonanoicacid,nonanoic acid,112-05-0,Acids,waxy,"cheesy, dairy, dirty, waxy",fatty,"cheesy, creamy, fatty, sweet, waxy",2784,"Fat, Green, Sour",3
4-ethenyl-2-methoxyphenol,2-methoxy-4-vinyl phenol,7786-61-0,Phenols,spicy,"carnation, clove, peppery, phenolic, powdery, smoky, spicy, sweet, woody",spicy,"amber, balsamic, clove, phenolic, powdery, smoky, spicy, woody",2675,"Clove, Curry, Spice",0.003
ethylhexadecanoate,ethyl palmitate,628-97-7,Esters,waxy,"balsamic, creamy, fruity, greasy, milky, oily, waxy",waxy,"balsamic, buttery, creamy, dairy, fermented, fruity, oily, vanilla, waxy",2451,Wax,2
ethyl (E)-hexadec-9-enoate,ethyl 9-hexadecenoate,54546-22-4,Esters,,,,,,,
ethyl phenyl lactate,ethyl phenyl lactate,15399-05-0,Esters,spicy,"peppery, spicy, pepper black pepper",,,4598,,
"2,4,7,9-tetramethyldec-5-yne-4,7-diol","2,4,7,9-tetramethyl-5-decyne-4,7-diol (mixture of (±) and meso)",126-86-3,Alcohols,,,,,,,
octanoicacid,octanoic acid,124-07-2,Acids,fatty,"cheesy, fatty, oily, rancid, vegetable, waxy",soapy,"brandy, cheesy, fatty, rancid, soapy",2799,"Cheese, Fat, Grass, Oil",0.19
"(1S,8aR)-4,7-dimethyl-1-propan-2-yl-1,2,3,5,6,8a-hexahydronaphthalene",delta-cadinene,483-76-1,"terpenes, terpenoids",herbal,"dry, herbal, thyme, woody",,,4967,Fruity,
2-(4-methylcyclohex-3-en-1-yl)propan-2-ol,alpha-terpineol,98-55-5,"terpenes, terpenoids",terpenic,"citrus, cooling, dry, floral, lemon, lilac, lime, pine, resinous, terpenic, woody",citrus,"citrus, lemon, lime, soapy, woody",3045,"Anise, Fresh, Mint, Oil",0.0046
ethyl dec-9-enoate,ethyl 9-decenoate,67233-91-4,Esters,fruity,"fatty, fruity",,,,,
"3,7-dimethylocta-1,6-dien-3-ol",linalool,78-70-6,"terpenes, terpenoids",floral,"berry, blueberry, citrus, floral, green, orange, rose, sweet, terpenic, waxy, woody, bois de rose",citrus,"aldehydic, citrus, floral, lemon, orange, waxy, woody",2635,"Coriander, Floral, Lavender, Lemon, Rose",0.00001
"(1S,2S,4R)-1-ethenyl-1-methyl-2,4-bis(prop-1-en-2-yl)cyclohexane",(-)-beta-elemene,515-13-9,"terpenes, terpenoids",,sweet,,,,,
4-methyl-1-propan-2-ylcyclohex-3-en-1-ol,4-carvomenthenol,562-74-3,"terpenes, terpenoids",spicy,"citrus, earthy, mentholic, musty, peppery, spicy, sweet, terpenic, woody",cooling,"citrus, clove, cooling, earthy, herbal, mentholic, spicy, weedy, woody",2248,"Earth, Must, Nutmeg, Wood",0.34
"(1R,4E,9S)-4,11,11-trimethyl-8-methylidenebicyclo[7.2.0]undec-4-ene",beta-caryophyllene,87-44-5,"terpenes, terpenoids",spicy,"clove, dry, spicy, sweet, woody",spicy,"nut skin, clove, peppery, powdery, spicy, woody",2252,"Fried, Spice, Wood",0.064
"1,3-dimethyl-8-propan-2-yltricyclo[4.4.0.02,7]dec-3-ene",alpha-copaene,3856-25-5,"terpenes, terpenoids",woody,"honey, spicy, woody",,,,,
hexan-1-ol,hexanol,111-27-3,Alcohols,herbal,"alcoholic, ethereal, fruity, fusel, green, herbal, oily, pungent, sweet",green,"apple skin, apple, fruity, green, oily",2567,"Banana, Flower, Grass, Herb",0.0056
"1-methyl-4-prop-1-en-2-ylcyclohexa-1,3-diene",para-menthatriene,18368-95-1,"terpenes, terpenoids",terpenic,"camphoreous, chemical, cooling, herbal, oily, pine, terpenic, thyme, tropical, woody",terpenic,"camphoreous, citrus, cooling, herbal, oily, pine, terpenic, thyme, woody",,,0.015
"1-methyl-4-propan-2-ylcyclohexa-1,4-diene",gamma-terpinene,99-85-4,"terpenes, terpenoids",terpenic,"citrus, herbal, lemon, lime, oily, sweet, terpenic, tropical, woody",terpenic,"citrus, fruity, green, lime, oily, terpenic, tropical",3559,"Bitter, Citrus",0.065
1-methyl-4-propan-2-ylbenzene,para-cymene,99-87-6,"terpenes, terpenoids",terpenic,"chemical, cilantro, citrus, cumin, fresh, lemon, origanum, spicy, terpenic, woody",terpenic,"pepper bell pepper, citrus, green, origanum, rancid, spicy, terpenic, woody",2356,"Citrus, Fresh, Solvent",0.00501
1-methyl-4-propan-2-ylidenecyclohexene,terpinolene,586-62-9,"terpenes, terpenoids",herbal,"citrus, fresh, herbal, pine, sweet, woody, lemon peel",woody,"floral, herbal, lemon, lime, terpenic, woody",3046,Pine,0.041
1-methylidene-4-prop-1-en-2-ylcyclohexane,pseudolimonene,499-97-8,"terpenes, terpenoids",,,,,,,
"1-methyl-4-propan-2-ylcyclohexa-1,3-diene",alpha-terpinene,99-86-5,"terpenes, terpenoids",woody,"camphoreous, citrus, herbal, juicy, lemon, medicinal, spicy, terpenic, thyme, woody",terpenic,"citrus, lemon, lime, minty, pine, spicy, terpenic, woody",3558,Lemon,0.08
"2,2-dimethyl-3-methylidenebicyclo[2.2.1]heptane",camphene,79-92-5,"terpenes, terpenoids",woody,"camphoreous, herbal, terpenic, woody, fir needle",,,2229,"Camphor, Mothball, Oil, Warm",
ethyl2-methylpropanoate,ethyl isobutyrate,97-62-1,Esters,fruity,"alcoholic, ethereal, fruity, fusel, pungent, rummy, sweet",ethereal,"egg nog, alliaceous, ethereal, fruity, pungent",2428,,0.0000081
"2,6,6-trimethylbicyclo[3.1.1]hept-2-ene",alpha-pinene,80-56-8,"terpenes, terpenoids",herbal,"camphoreous, cooling, earthy, fresh, herbal, pine, sweet, terpenic, woody",woody,"camphoreous, herbal, pine, spicy, terpenic, tropical, woody",2902,"Cedarwood, Pine, Sharp",0.0025
